variable,num_respondants,pct_respondants
Standard (vanilla),3184,0.8800442233278054
Blas,403,0.11138750690989498
Alternative,46,0.01271420674405749
I Don't Know,204,0.05638474295190713
Microsoft R,13,0.0035931453841901604
TIBCO,10,0.002763957987838585
Oracle R,15,0.0041459369817578775
PQR,2,5.52791597567717e-4
Renjin,3,8.291873963515755e-4
Fast R,1,2.763957987838585e-4
Rho,2,5.52791597567717e-4
Other Alternative,4,0.001105583195135434
